pidgin,english
aba made,fake
abeg,please
abeg fly,go away
abeg limi,please leave me alone
agbero,wayward
abi,is it true?
abi na wetin,what is it?
abj,Abuja
abk,Abeokuta
aboki,foolish
abro,show respect
abs,Abuja
abu,Amadu Bello Univeristy
abuna,vagina
acada,an intellectual
acata, African American
acatay,expatriate
achaba,Motorcycle 
acting big man,impostor
actor,actor
actor and boss,actor and boss
adro,asylum payment
afa, how are you
afta,later
agaba,masquerade
agada,bow leg
agaracha,A woman of easy virtue
agbada,Large traditional garment 
agbaya,bad elderly person
agbero,tout
agege bread,low class bread 
agharacha,Woman of easy virtue
agidi, mashed rice cake
agro,horny
ah ah,my goodness
ah-ahn,my goodness
ahlie,right?
aircon, airconditioner
airforce,airforce
airforce 1,Flying Witch
ajayi,An overachiever
ajebo,spoilt person
ajebutter, born with a silver spoon
ajepaco,born in suffering
ajepako,born in suffering
ajuwaya,agile
ak,policeman
akamu,Pap made from corn
akanchan,Stingy person
akonuche,Wisdom or discretion
akara,fried bean cake
akata, Black or African American
akawo,daily savings 
akimbo,akimbo
akpalakpala,money
akpamo,Fool
akpruka, Strong or Solid
akpu,cassava flour
akwa,The Great One
alan pozzer,This is a poser
alanta,dance style
alarm,alarm
alaye, area boy
alert,alert
all join,everything inclusive
all night,night vigil
allawi,pocket money
alawi,pocket money
allawe,pocket money
alobam,Partner in crime.
am,him or her 
amebo,a gossip
amiboh,a gossip
amodu,lack of charisma 
and co,group
animashaun,woman with easy virtue
ankle,ankle
anoda,Another
ansa,Answer
anumanu,Animal
anuofia,Wild animal
anywhere belle face,random
aproko,Gossip
apoda,a person who mix paint
aproko,pokenose
arangee,arranged
area,locality
area boy,local tout
area boys,hooligans
aristo,sugar daddy
aristos, rich old men and women who date younger people
arrange yua sef,Make your own arrangements
arro,stupid person
arrow,arrow
as e dey hot,trendy
as in,surprised
as in eh, frustated or surprised
asala,Walnut 
asap,As fast as prosible
ashana,prostitute 
ashawo,prostitute 
ashewo,prostitute 
ashy,"Prostitute,wayward girl."
aso ebi,bridal train attire
ass,ass
at all,at all
atutupoyoyo,An ugly being
awara awara,swiftly
awayu,how are you
awoko,Staying up late a night till day break
awoof,free
awuuff,free
ayakata,astonishment
iyama,filthy
ayangba,Prostitute
azama,Buttock
azonto,a style of dance
b-side,Benin City
ba,isn't it?
baba,father
baba ijebu,A daily lottery
babe,young woman
baboon,baboon
back hand,To slap someone with the back of your hand
backyard,bottom 
bacun,A delicious part of pig
bad belle,to hold a grudge
bad gan,too bad in a good way
bad mouth,Speak maliciously about someone.
bad-belle,"Malice, Player hater,"
baddo,experienced
bado,experienced
badoo,experienced
badoski,bad or tough guy
baff,Bath
baff up,"Dress up, especially in flashy clothes."
baffs,clothes
baggish,rubbish
bah,Money
baka,Ass or buttock
bakasi,bottom 
bakassi,Booty
bala,Have sexual intercourse
bam,Something that is good
bang,To have sex
banga,fireworks
banga soup,palm fruits stew  .
banger, knockouts. They are fire crackers.
bani,A young Girl. girlfriend
banny,A girl. A person's gilfriend.
banta,Fierce fight between two people or groups.
Na wen persin dey enter persin unto play play level,banter
baraje," spoiled, wrong or bad."
barawo,thief
barb,cutting or shaving ones hair. 
barbing salon,barber's shop
barny,a girl
based on logistics, validate your conclusion.
bash,party or to hit something.
basket-mouth,A talkative; oral diarrhoea.
batcher,A wooden plank house.
bathroom slippers,rubber flip-flops. 
baz,To smoke. 
bazuka,penis
bebescout,too forward
bebeto,Brazilian football player José Roberto Gama de Oliveira 
beer-beer,beard
bia-bia,beard
before nko,it was expected
beg beg,One who always begs
belle,stomach
belle full,filled
bend down boutique,fairly used clothes for sale. 
bend down select,second hand clothing 
berekete,"abundant, plentiful, in excess"
berra,"an urban way of saying ""better""."
berry don black, enough money.
berry never black,not wealthy enough yet
beta pikin,responsible or sensible person.
betta," Good times, Improvement"
bicos,because
bicos why,The reason is?
bifor bifor,long time ago
bifor nko,What did you expect?
bifor-bifor,Long time ago
big eye,greedy
big man,A rich man
big woman, importance or reputation gained by ability or achievement
biko,please
bin,have been
bingo, dog
biro,pen
bisko,Biscuit
bizzy body, gossiper
blast scatter,"Fire, attack or shoot with full force and no hesitation"
blaw,Cannabis
blocos,male scrotum
blokkus,scrotum
blom blom,balloon
blom blow,Balloon
bluetooth,to send something invisibly
blow,"speak, talk"
bob,Up end down
bobbie,Breasts 
bobby,"breast, boobs"
bobie,"big breast , striking breast"
bobo,Trendy Guy
bobozee,Cassava chips
bobs,Brother; Guy
bodi dey inside clothe,I'm surviving 
boil beans,"Not giving a damn, not showing care"
boju boju,Hide and seek game
boku,"plenty, surplus"
boli,roasted plantain. 
bolo,"fool,  silent person."
bololo.,"Hairless,Bald."
bom boi,A baby boy
bomboy,"a male child, not man enough"
bon boy, gives birth to a male child
bone,to frown or to forget about something or someone
bones,Dark glasses or sunglasses.
bonga fish,fool
bongo,percussion instruments made up of two small drums 
bonz,"To be fresh, beautiful . Very good"
boo,boyfriend.
book haus,Library
booze man,drunkard
borku,"plenty, lots"
born boy,male infant
borrow leg,to flee from trouble.
borrow pose,Showing off with stuff that is not yours
boss,"Antagonist, "
bosun,an extreme suegbe
botty,over-pampered. 
bow leg,curve leg or deficiency of calcium
bow na u, you amaze me
boy yoyo,"A poser. Guy that is trendy, hip and likes to show off"
braga,someone who shows off or a booster
bread,to lie especially when you pretend to be what you are not
brekete,When there is an abundance of something
brikito,British or english
broda,Brother
broda-broda,Nepotism
brokkus,"part of the male private part, Scrotum"
brokoto,Cooked cow's foot.
brokun," Broken english, pidgin english"
bros,Brother . excluded from a coversation or a circle
bros fighting,join a fight 
bros laffing, laffing at something they dont understand in order to feel among.
bross,talking to or talking about a person(male)
brotherly, close friend.
buba,Traditional nigerian blouse
buga,"To brag,  excessively proud and boastful "
buhalectophobia,The fear of Buhari been elected in the future elections
buka,a small building alone the road side where people go to eat. canteen
bukateria,"a cafeteria, canteen, or simple eating-place"
bukka,roadside restaurant see: mamaput
bulala,Horse Whip 
bullet, arrow 
buran tashi,Aphrodisiac
burnt rep,"burnt reputation, one that has been disgraced, or ones reputation has gone"
bush man,Unsophisticated man
bushmo,a very local girl
busybody,People who do not mind their business.
byah byah,Bushy beard
caban,House. A place where one lives.
cabu-cabu,taxi cab 
caff,cafeteria
cak,"to where clothes,  dress up for an ocassion or function"
cannur,not be able to exist
carbon copy,Look alike or replica
carry,abiltity of a generator to powering appliances.
carry and go,caught stealing
carry go,Go ahead. Help your self.
carton,Cardboard box of any form
casala,Trouble.Problem.
casanova,a womaniser
casala,Trouble. Problem.
cast," spoil, get damaged. plan fails or something does not work out as expected."
casting,Insulting someone  
catch trips,entertain one's self
cd plate,compact disc
cha cha,brand new
cha-cha,not at all. 
chaf,Smoking
chai,What!
chai!,"grief, surprise, disappointment and anger,"
chaii,An exclamation
chairman, guy
chance,Cheating someone.
chandi, twenty Naira 
change,bring about change 
change am," To change an article or something ,. To change someones fate without his or her intention."
chao,"to eat, noun; food"
chappy,a beautiful girl
char,An exclamation
chark,"to drink alcohol, get drunk"
charlie,Friend.
chasis,"Awesome, very nice"
chei,Wow!
chey,exclamation or sign of sympathy.
chi chon chi,"experience, or having witnessed something or be a victim of a circumstance."
chice,Easy
chickala,"A beautiful,sexy gir"
chickito,young pretty looking lady
chika,a girl or babe
chikala,A girl.
chilax,chillin or relaxing somewhere
chillax,chill out .relax
chim chim, good health 
chin,"to chin , To ignore another person"
chinco,Chinese or a chinese individual
chinco land,China
chineke,Jesus
chingum,chewing gum.
chinko, describe chineese people or people of the asian race
chiz, money
choco,"weed, marijuana"
chook,stab
chop,to eat
chop beans,to fail at something
chop belle full,To be satisfied. 
chop burger,To put on weight
chop cockroach,to get pregnant
chop i chop,mutual corruption
chop knuckle,"fist bump, a kind of greeting similar to high fiv"
chop up,"to increase in wealth, status or body size. move up"
chop wowo lick plate,used to describe someone who is very ugly. 
chow,"to eat, feed"
chuk,to have sex. to stab someone
chuku-chuku,Spikes or sharp object
chukuli,TO cheat in exam
chukuli.,TO cheat in exam
church,Any building of worship
church bwoiz nation, Nigerian record label 
chyke,To woo someone of the opposite sex
clap for yourself,Be proud of yourself.Well done
clear road,"to create a space for someone, ""to hail someone"""
coatie,An officer of the lawyer. policeman
coconut head,"empty head, of low intelligence, a fool, an academic failure"
cocoye,central or south american; a hispanic or latino person; a chicano or mestizo
code,To lie (lying)
coded,doing something withou being noticed .silently..gently
codedly,discretely
coke, Coca-cola
colabo,act of working jointly
collabo, Collaborate
colo,"to loose ones mind, become crazy"
colobi,To take charge or control of a place or a situation.   To overthow or dethrone
color b,to confuse someone or distract someone
combing,To have have sex with a lady
come chop,Come dine or eat
come make i flex you tight,let us have a nice time
commot,Go away or get out
comot,to leave a place
comot for road, Make way . Get away!
compassion,to get soft mind
compound,fenced house/houses
confam, Confirm or a way of showing integrity and assuarance
confirmed,something or someone with a good reputation
confra,campus fraternity
coni,"To dupe, commit fraud or decieve"
conji,Horny
conk,To hit a persons head with clenched fingers.
conscience,GIRLFRIEND
control,to speak to someone
control p, taking a situation too personally.
cool,good
cool down,Calm down
coolu temper,Control your temper
copper,fresh graduate 
copy copy,unoriginal person 
corner-corner,to do something sly
correct, good
cortex,Nail polish
counta,bottle cap
counter blast,To respond or to counter attack
couple,to discipline or punish someone
cover slap,hard slap
cowbell,bust of women 
cra-fish, crayfish.
craise, mad/crazy.
cram,To memorise or read
crase," mentally unbalanced, acting out of the norm"
crash,to sleep
craw-craw,Skin disorder that causes itchy rashes
craz,insane or stupid.
craze,crazy
cream boy,show-off
creaminal,Being the best  in whatever you do
crench,A prison or jail house
cruise,We are having so much fun!
cruz,Use excessively
cry-cry," cries too much, or easily.  "
cunnyman,A con man.
cut,h a player dribbles by performing a fake shot
cut cap, respect for someone
cut neck,When you like something so much
cut out, hurried escape.
cycomolocuting,saying words reaptedly 
da sauri,sharp sharp or with alacrity
dabaru,Spoil
dada,Dreadlocks
dagbaru,To scatter somewhere or something
dagbo,Fake. .
danfo, ugly bus
danfo driver,Bus driver
danga,fight
dash,To give a gift or bride
dat,That
dat one na grammar," something is not practical or too complex, or maybe just impossible"
de,am
de go,continue going keep going
deez nuts,Testicles.
delete,to die or get killed
dem,Them
dem say dem say,"hearsay , gossipers or rumor mongers"
demain,demain
dembele,A big fool
denge, to show off
denge pose,Posing or showing off
depe,total stupid person
dey," to be, or to be alive 2. in the process of doing something"
dey don talk am,they have said it
dey go,keep going or leave
dezgi,"show off, behaving as if not concerned or interested"
dia,Their
dick,penis
die,"so much, too much"
die am,to end a situation or a discussion
die it,forget the matter or bone the talk
die-it,shut up
dis,This
disarm,to steal
dive,to overreact
do quick,hurry up
dodo,fried ripe plantain
doke.,To have sex with
doll baby,a dumb person
dommot,"house, abode"
domot,Your area or house
don,past tense. to have completed something
doro,"The correct thing, the truth or the way forward"
dorti,to get drunk . dirty
doti-doti,"Dirtiness, or when something is always dirty"
dox,sexual intercourse. 
dress,"to move aside, make room"
drive,To instigate or be the cause of someone or something going away
driver, hired to drive a person
drude,Arogant
dry, not funny or not inseresting
dub,To copy
dudu,black
duduke,The sound of a heart beat 
dulling,Your bored or something is boring
dumadu,Local ice cream Substandard ice cream
dundee united,Stupid or idiot
dust,To blow something or someone out of the water.
e be as e get, special or unusual circumstances.
e be like say,It seems that
e choke,You say this when something shocks someone.
e dey hard,It is rare or difficult
e don be,the worst has happened or a situation in which you are in the worst case scenaio
e don do,It is enough
e don red,getting serious or real.
e don tey,"long time, it's been a while"
e get as e be,suspicious or hard to believe
e get as e bi,odd or strange
e go be,good bye
e go tay,challenging or difficult situation
e neva tey,It has not been long
e no dey,it is not
e no easy,It is not easy
e no go beta for you,it shall not be well with you
e remain small,nearly
e., He or She
early momo,Very early in the morning
eba,meal made from Garri 
effizzie, style
efiko,genius or brilliant
efizy,"Showing off, having a lot of style"
efrebo,dangerous play or assignment who is at risk getting wounded
egboro,Streets or Main town
"egungun be careful, na express you dey go","Be careful, you are about to enter into trouble"
egunje,Bribe
egusi,Melon seed. Soup made from melon seed
eh eh,"No, Not at all"
eh yah,what a pity
eheh,is that so
ehmycool,talented Afropop singer from Church Bwoiz Nation
ehn,What? 
eke,Police or python
ekelebe,a police man.
ekey,see busybody
eko,Lagos
ekonomik,to minimize or to use wisely
ekuleku,Big bossom
eleniyan,Boss of all Bosses.
emana,pussy
enamel,"a bucket, made from enamels."
ends,house
enta,Enter
enta voicemail,"stolen, cant be found"
enter," To have sex with a female,  To beat the hell out of a person"
enugbe, broken
EP,Enemy of progress 
epp,help
erema,a very pretty lady.
erica,mentally attracted to another person but physically not.
ewey!,excitement
ewu,Goat
ex,the person u brockup with
excess,enough
excesses,"stupidity,wrongs"
expo,Illegal access to a test or exam
eyahhh,"pity, sometimes it's sarcastic sometimes it's not"
eye glass,spectacles
eye go come down,will come back to reality
eye red, serious and desperate over a thing or a situation
f.f.o,For Food Only
f.o.c,free of charge
fa,It is a form of exclamation
faaji,The pleasure felt when having a good time
faboo,lie
fabu,An unimaginable/unbelievable lie
face,to leave or ignore
face me i face you,Old Little houses 
fada,father
faf,To Laze about
fairy,chicken hearted person or someone who behaves like a fool
fall hand, below par or nor to reach expectations
fall hands,To act immature
fall my hand,disappoint me
famz,To act as if you are a friend to someone that doesn't know 
fap,To steal 
fashi,forget or ignore
fashie,forget or ignore something or someone.
faya,"Fire, cooker or stove"
fear catch me,i was afraid
fear face?,don't you have respect
fear fear,To fear
feel,feel
feem,film
felele,unstable
fem,shut up
fff,ugly
fi si,adding something extra
fia-fia," always afriad,"
fight karat,To fight using martial arts
file,To allow someone or something to be.
fim,a movie or film
find am,To look for something
find my trouble,"Annoying, getting on my nerves"
fine boi,"Fresh facade, trendy"
fire,indeed
fish,young women.
fit,ability to do something.
flash,to call someone on the phone but letting the phone ring for a second before ending the call
flendi,Someone who is enjoying life or something
flenjo,Way of life
flex,To enjoy
flit,The application of an insecticide or substance used to kill insects.
flog,This is to beat someone with a cane as a form of corporal punishment
fly,"To move in the air, fly"
follow follow, follows or copies what other people do without reasoning.
fone,speaking in american or british accent
fonerize,the act of speaking with a foreign accent 
fonne,phonetic
for dey, TO INTEND DO SOMETHING
for were,something IMPOSSIBLE or not probable
for where," Impossible, not a chance "
for where?, disbelief
form,Trying to be sometin you're not
form vex,To get annoyed or angry at a person or situation
former,someone who pretends to be what they are not Formers form
forming,showing off and/or pretending
fortate,To be scared Afraid
foto,photograph
four-forty,"The Masquerade,  famed for making up humorous words"
fourleg,A car
frakpas,tugging or adjusting underwear in public
free me,"allow me, let me be."
fren,Friend
fren fren," favoritism, familiarity"
frosh,a person who is rich and has swag..big swag
frush,a person who has money and style
fuck,to have sex
fuck up,"To disappiont , To mess up"
fuckonso,To disappoint. To mess up a plan
fugazzy,"unreal, imitation"
full ground,Plenty
full ground remain,Doing wel
g boys ,fraudsters
g4,Garri
gaj,Dress up nicely
galavant,working around with no cause
gallop,pot holes in the road
gan,Big time
ganja,A strong-smelling plant used as drug
gara gara,"Showing off, drawing attention to yourself"
garm,Clothes From garments
garms,"clothes,  garments"
garri,dried cassava flour.
gas,Gas 
gate man, A guard.
gats, Have to
gazzo,To eat
gbab,do you understand?
gbadun,To really like or enjoy
gbaga.,To escape or run away from something or someone.
gbagae,"fight,crisis"
gbagaun,To make and error while speaking.
gbagbe isele,Forget about that
gbagbeski, yes or forget
gbanjo,Cheap price
gbaski,"Cute, Fine, Well aranged"
gbati gbati,sometimes used to refer to a yoruba person
gbe bodie,Carry Your Body
gbedu,Party
gbege,An expression used when in trouble
gbese,to put another person in trouble
gbge,Abge
gbo gbo,The sounds punches make
gbola,penis
gbolaa,It means big dick
gbolalaa,A deafening slap
gbolo,"destroyed, gone bad, spoilt,horrible,"
gbomo - gbomo,Kidnapper 
gbomogbomo,Kidnapper 
gbosa,Loud explosion
geezm,"GSM, cellphone"
geh,"young female human being. , a female person. "
gej,"Goodluck Ebele Jonathan, "
gele,female head wrap.
gen,Generator
gen-gen,"exciting, on the edge"
german stone,A dry rock like food made out of grounded pea nut butter. 
gerrarahere,Get out of here; get out
gerrium,Gerrium or G-sulphate popularly known as garry
gerrit?,get it?
get am, To own something . 
get belle,"Pregnant, big stomach"
get mouth,To be sassy or boisterous
get sense,Intelligence
gettaway,Get out.
ghana must go,Large plastic bags 
gi mi,Give it to me
gidiba,A show of strength and valor
ginger,"To be pumped, psyched, motivated or excited"
gism,GSM phone
gist,"to gossip, or have a serious conversation"
give am,Give
give am belle,"to add volume or to increase the volume , to impregnate"
globe,bulb
gnash,Fleshy part of human anatomy
go hug transformer, total dis-concern for the recipient
go now,Start
go slow,Traffic
go-slow,traffic jam
gobe,Trouble
goment,governmen
gon,it means
gorimapa,completely shaved head.
gov dannel,idiotic man
gra gra,Troublesomeness
gra-gra, hustling . violent
grab, muscles. Muscular
gragra,pretence of bravery
grammar, confusing 
gredge, to eat excessively
gree,Agree
gree-die,Being stubborn.
griddai,When one decides to do something which he'd rather not do.
grin grin,To calle person for phone.
groove,"Referred to as party, enjoyment"
grub,"eat, foodstuff"
guck,believe a lie
guck.,Mess up or fuck up.
guduma,Hammer
gumbodi,to be overly attached to somebody 
guru,genius
guy man,A Poser.
guy name,Nickname
guy-man,tricky
h, hungry
h-factor,a factor 
haba,frustrated
habba,"relax for a moment, please, consider me "
hail,"greetin, g sign of courtesy"
hala,To shout at or raise your voice at someone.
hamma,to have sex
hammer,to make a lot of money; become rich quite suddenly
haus,"House, home"
hear word,"Obey iinstruction, listen"
heart cut,To be afraid or shocked
heavy,"very, very much, serious, a lot of,"
hehe,laugh
hello,hello
hh,Hey
hia,Here
high,To drink or smoke any stuff that intoxicates.
hin,him
hiphop, percieved posher way of living.
hol,To hold something or somebody
hold,discipline or punish 
hold belle, prevent or endure hunger
hold-up,Traffic jam
holy ghost koboko, to mock a self-righteous person.
holy holy,"To act in a righteous way, Self-righteous"
home video,Locally made Nigerian Films
homo,homosexual
house boy,male servant or house keeper
house girl,"House keeper, nanny"
how bodi,How are you
how body,How are you?
how e be,how is it
how e be u,Whats up with you
how e dey be na,What's up?
how far,What's up?
how he day be,How it is going
how na,How are you!
how u dey,How are you
how ur end,Just want to know how you are doing
how ur side,How are you doing
how you dey,"How are you?, Hope you are fine today?"" ""Hello"" ""Hi"" etc."
howfa,how are you?
hyper-jack,studying to much
i beg,Please
i bow o,To wonder over a person's action
i dey,I'm fine
i dey ache,I am in pain
i dey fear,I am afraid
i dey h,am hungry
i dey kampe,I'm very well
i don die,I am finished/doomed
i don waka,I am going.
i fit,I can
i full ground remain,I'm perfectly ready for anything
i go,i will
i go cure your craze,I will deal with you
i greet,To salute Someone
i know say my mama born me fine so no go there,I an solid
i love u,i love u
I don fall for u,am in love with you
i love you babe,I love you Baby
i never chop,I haven't eaten
i no fit,I Can't
i no know,I dont know or have a clue
i no no, i don't know
i no sabi,I don't know
i no send,I don't care
i no well,I'm sick
i pass my neighbour,Portable Generator
i pray,I wish
i wan ease my self,To pee
i wash,To reject or to rid yourself of
i weak, astounding. flabbergasted
iacon,air conditioner.
iaport,Airport
iapot,Airport
ib,The capital city of Oyo State
ibeji,Twins
ibile,Son of the Soil. 
ibo made,fake things
idoma,"Idoma is the language spoken in Benue south, North-central Nigeria"
idomie,Instant Noodle
if u wan kno wetin d happen fo front ask pple wer comot from dat direction,If you want to know what is going on in the front ask people that is coming from that direction
igbati igbati association, yoruba people
igbo,Igbo is the language spoken by the igbo tribe in Nigeria
igboka,Pornography
igboo,Nigerian weed
ijebu,"A tribe in Yoruba land , stingy"
ikebay,Buttocks
ikebe,Bottom
ikorro,A short cut.
im," him, his and her"
indomie,noodles
inkebe,Buttocks
innocent,Innocent 
insert sim,to have sex with a lady
iron damage,iron damage
isi ewu,An igbo soup made from goat head.
italo,italy
itidere, shout out to your friend 
itk, I Too Know
its coming,its coming
ivinin,Evening
iwere, insult to call someone mental
iya basira, local food joints. 
iyama,"Mud, something digusting"
iyawo, wife
j j c,palmwine
j-town,Jos
J.J.C,Jonny Just Come. A stranger in a place or someone that is new to something
ja,run
jaa,To leave
jab,work
jabrata,Availability. To be available.
jack,study seriously for an exam
jaga jaga,"scattered , out of place"
jaga-jaga,Haphazard
jagajaga,unbalance situation
jagbajantis,Nonsense
jaguda,"crook, fraudulent person"
jagwa, a place in market where there is phone mechanic and second hand phone are sold  .
jairation,"To enjoy, party or have fun"
jakin n.g.o. news,JAKIN N.G.O. NEWS
jakpa,Invaders 
jakpas doings,Rugged activities
jam,"Collide, motor accident"
jambite,somebody that just got admitted into university
jambites,Freshmen in varsity
jambo,"Weed, Marijuana, Cannabis"
jan,"Overseas,abroad"
jand,The united kingdom
jangilova,Swings in a playground
jangolova,Swing
jankara,"Market in lagos, fake products"
jara,"adding extra, a tip or bonus. "
jara e, escape or remove yourself from trouble
jayloaded," latest Nigeria music, videos ,news"
jazz,charm or jazz
jb,not very smart and who often gets caught in illegal acts
jeje,gently
jejeli,"doing things Gently, politely"
jelorsi,jealousy
jeri,Fool
jesus,He's the son of God
jette,A prison yard
jip,Any type of Sport Utility Vehicle.
jive,Car
jjc,novice
jjd,"New comer, Novice"
jkm,jkm
jo, please
jobb,"To dupe, trick"
jogo,"To get Drunk, intoxicated"
jogodo,the act of smoking ganja or Indian Hemp
johnthomas, penis
joint,local bar or joint
jolimenters,People that like to enjoy life
jollifikatt,Merriment. To enjoy one's self.
jollof,jollof rice.
jonesing,To act stupidly or under the influence of alcohol or drugs.
jonz,It refers to been broke
jonze,To be confused to be unserious
jor,Please.
jorr,"Please,"
jubbo, Junior
juju,"Black magic, or the use of evil powers to accomplish something"
jujupoyoyo," endearment , cute and can be used on anyone"
jump up, trouser or shorts that are to small for the wearer
junky,A person hopelessly addicted to a controlled substance.
k-d,Kaduna
k-leg,Knock-kneed.
kabash,The act of praying
kabu kabu,Unofficial taxi
kack,Dress well
kai,exclamation or sign of sympathy
kai-kai,Homemade gin
kain,kind of
kaita, A man who single handedly hinder the hope of his country
kaka,"to defecate, poop"
kakaraka,"very firm, stiff or unshakable"
kaku,Talkativeness
kala, gun
kalaku,Indian hemp .
kalban,house
kaluba,A word for money
kampe,"Something that is strong, hard and durable"
kampke,"Strong, Sufficient"
kanda,Animal skin often roasted and cooked as food.often savoured with palm wine
kande ke baya,ACEEYA
kanta,"Bottle cover, "
kaone,a person who acts very local
kaput,die or decease
karanbani,Very Stubborn Child
karen daji,Wolf
kasala,Big trouble
kasuwan dare,Night market.
kata,"mucus, from someone's nose"
kata kata,"trouble, hustling, situational unrest"
kata-kata,To cause commotion
katakata,problem or trouble
kawa,"runaway, leave quickly, hastily"
kawasaki,to leave a place quickly
keke,tricycle
keke napep,commercial tricycle used widely in cities
kele,Girlfriend
kele kele,small small
keli,abuse
kep,Girl
kezaya,prostitute
kgb,bags that ladies of the night carry.
khaki no bi leather, Things are getting very tough. Threat to someone t
kians,School
kilonshele, what is happening.
kini,what is?
kiosk,This is a small shed made of wood where some groceries and condiments are sold
kipolu,A small wire fence usually placed to hold cattle
kishi,Money
klasi decentz,upcoming musical artist
knacking,Act of sex
knicker,shorts
knockout,Popular fireworks
knot nine knot,Cell phone eg 090
ko,isn't it
ko gbadun,expression disagreement to what someone is doing
koboko, Cane
kognomi,love potion usually ingested as solid or liquid food
koko,penis
koko waves,Unbrushed hair
kokolette," a female partner, mostly of a sexual nature"
kokoro, insect.
kolo,"Mad, crazy .Unbelivable"
kolobi,To take charge or control of a place or a situation. To overthow or dethrone
kolokolo,glutton
kolombi,To woe a kill
kom kom, container made of  tin.
kon,what has happened or will happen in future
kon3, country 
konji,"High libido, sexually aroused"
konk,using the knuckles to hit someone on the head.
kontri,country
kool tempa, Calm Down
koro-koro,rash
korokoro, face to face or eyes contact.
koror,Corner or tight position. Not a pleasant on
kosi werey,no problem
koti,A Police or uniformed officer
kowatiate,To explain or expand on something. 
kpafuka,Give up the ghost . To die
kpai,to die . to tire to the point of death
kpakam,A slang used to lay emphasis.
kpakay,To steal; To get hold of something usually with violence.
kpako,wood. informal: vain; fool; useless; dead.
kpakrikpa,Immediately
kpalaba,Trouble or problem
kpalas,A girl. A person's gilfriend.
kpali,Passport or certificates of some sort. 
kpanch,To have sex or make love
kpanda,"Spoilt, inferior"
kpangolo," metal, steel or aluminium  an insult to refer to someone's head."
kpans,To have sex.
kpansh,"Sex, sexual intercourse"
kpas,"An idiot, a fool or stupid person."
kpash,nonsense: 
kpata,"Underwear"""
kpata kpata,completely or totally
kpatakpata, In conclusion.  Worst case senario
kpekere, fried unripe plantain. this is a snack.
kpekus,"a vagina ,sex (vulgar)"
kpeme, die
kpians,Used to refer to witches
kpoli,kpoli
kpomo,cow skin
kpon kpi,To calm down. To relax.
kpoof.,Die.
kpor, fabulous or good
kpor-kpor,A force man
kpro,"to take it easy with or to mellow, to agree"
kpuf,Shoot
kpuvie,"a female Virginia, pussy"
kri,Crazy
kro-kro,rash
krokro,Skin infection
kudi,Money
kuja,To be startled or frightened
kukere,A calabar dance by iyanya
kukuma,"as well, at once, already"
kulikuli,Snack made from ground peanuts
kurukere,"to act shady, to walk in a seductive manner"
kuruley,Sleep
kuturu,Leprosy
kuza,money or legal tender
kwanta,"Problem, get into trouble"
kwapsi,to mess up or do something wrong
kwashiorkor,a severe form of malnutrition characterized by edema and an enlarged liver  
kwav,to whine; grind
kway, how are things
kwili kwili,A dry rock like food made out of grounded pea nut butter
laff,Laugh
lai,Lie
lai lai,Never or not in a million years
lai lai to lai lai,Never ever
lailai,Never
lakpa,"Deny, refuse"
lamba juana,Someone that misbehaves
lamba ,lies
Girl no de give me lamba,Girl no de give me lamba
lamushuan,To have sex with someone.
land,To hit or to arrive
lap,Carry someone on your lap during a car ride
las gidis, Lagos
lasgidi,"lagos, the former captal of Nigeria"
lash,to have sex
launch,to use a newly bought product for the for the first time.
learner,someone that is inexperienced or clueless
lebe, having a big mouth or big lips
leg over,to deceive or pull one over someone
legbere,a novice
legedis benz, Mercedes Benz.
legedisbenz,Someone who walks everywhere because they don't own a car
leggo, lets go or lets start.. Or even in extreme case death.
lego,To leave or to allow
legxus,Someone who walks everywhere because they don't own a car
legz,Shoe
leke leke,an all white bird called cattle egret
lekpa,A thin/slider person
lekpa shandy,very slander person
lem,To eat Food
lem.,To eat.
lemb,To eat.
lepa,Skinny bony person
lepka shandy,very slender person
let my people go,This is when someone berely passes and exam
lette," food,  to eat food"
levels,Status in society or within a group of friends.
lie lie,a liar
life," At all, not a chance, impossible"
life no balance,Life or whatever situation being dealt with at the time is not fair or even
lift,Elevator or Escalator
light,electrical power
like play like play,Before you knew it
liva,confidence ; that i don't care attitude! area boys swag
liver,"Courage, audacity: to have liver means to be brave, often in a foolhardy way"
local,Fraud
lock up, to just forgive person that offended you
just forgive am,forgive
locker,"school desk with shelves, usually with an opening to keep books in."
lockito,"Uninformed, not well traveled"
loki,somebody who is not sophisticated or rash. 
lol,pity
lolz,Funny
long leg,well connected
long thing,"empty promises,  story, 3.long story"
long throat,greed eater. 
longa throat,"greedy, unsatisfied person"
look for ur own life,when someone doesn't care about his life
looku looku,to be looking at someone or something for a long time
love,To have a strong affection or tender deep for somebody or something
love u,Love you
luba,Money
luv,love
laugh wan kill me die,when something is very funny and you can barely stop laughing
lwkmd,something very funny and you can barely stop laughing
ma, make
ma le,mother
ma pin,a sacarstic or rude way of not answering a question. continue asking
maara, a person who can’t chest or dances at the whip of the cane.
maari,to slap someone
mach," step on, trample upon"
macham,to step on something or someone
machin,Something expensive or impressive
machine,motor cycle
maclean, toothpastes
mad ooo,when something is really cool
maga,really messed up
maga (419),The mark in a con
maga no need pay,The white-collar job and office work isn't for everyone.
maggi,brand of spice. seasoning 
mago mago,trickery. When someone is not acting straight forward.
maintain,To stay calm
maja,"To harass, intimidate, cow someone down or put fear in some one"
make,Let. Used to signify that you are going to do something.
make eye,to wink at someone
make i hear word,"shut up, keep quiet"
make mouth,Boast
make sense, something that has value
make we,Let us
makossa,Do not bring your problems over to my area and spoil my joy
mal, abnormal
malan,teacher
mallam, an hausa person or a muslim
malle,mummy
malo,a derogatory term sometimes used to refer to a Hausa man.
malu,cow
mama,mothers
mama put,Local restaurant often found on the street corners. 
mamaput,roadside restaurant
mami water,Spirits of the Water...Like a Mermaid. 
mammar,to hit or beat something or someone
mammy water,A mermaid
man pikin,Son of man Use mostly to express frustration or reject suffering.
manchester,to feel horny
manchi,A guy
manya,intoxicated on drugs or alchohol
mara,Mara can be used to depict madness
marle, refer to a mother
mary amaka,To dress very covered or modestly 
maskaform,To misbehave.
mata,matter
match banga,To have a one night stand
mate,"Social class, people on the same level"
matrix,In a state of Drunkenness
maye,victim of a fraud.
maza maza,to do something quickly or rapidly 
mede mede,"salad, foreign cuisine"
medi," medicine,  charm"
megaurd,Security officer
mek,Make
mellow,"to calm down, or take it easy"
memmeth,"a coded word used instead of mentioning a place,person's name or thing"
mental,"The person is crazy,mentally unstable."
meow,"To escape, disappear, to leave in a haste"
meruwa,mallams who sell water in jerrycans
mescagizing,Messing up and not behaving as expected
mess,to fart or pollute the air
mgbeke,an unrefined girl 
mia,To flee; to hurry away
mimi,King part
mineral,Soft drinks
minerals,Soft drinks 
misyarn,"to talk rubbish, trash or wrong thing"
mo-ed,To get drunk
mofty,Casual wear. 
moi,my
moi-moi,Bean Cake
molue,bus
momsi,mother
monkey post,narrow football goal post
mooto, a car
mopo,mobile police
moro moro,A clean shaved head or hair cut
motigbana,My love
moto,Cars 
motor bike,motor cycle
move,"steal, go"
movement,Lets go
moze,A girl
mozz,get out of one's sight
mr laazis biography,"a gospel singer,rapper and songwriter"
mtcheew, sigh of disapproval 
mtchew," lack of concern, respect, and also to show anger, hatred, and jealousy"
mugu,A fool
mugun,Foolish person. Or a victim of scammer
mullah," A huge penis, Money , A baton"
mumsi,mother
mumsy,one's own mother
mumu,Fool
mumuni,A very stupid person
mungu,fool
musu,Foolish person. Or a victim of scammer.
mutallab,a rich kid who attempts to throw his life away for silly (extreme) reasons
my own that,my own that
my period,Used when one dose not have money
na,to describe something being something else. 
na beanz,Used to describe something that is not easy
na dem dey rush us,they are hurrying us
na die i dey,To be utterly useless
na fight?,Rebuff to someone being unduly aggressive
na god,"God is responsible , God's doing"
na it,It means that's it
na so,it is so approval of something
na so you take craze join,crazy like others
na today,The Obvious thing. Not the first time
na wa,"suprise, Damn"
na wa o,Its surprising or am surprise
na wash,fake
na wetin?,What is it this time
na yam,Cannot be true. Lie
na you biko,You're the ma
na you o,Your the man
na you sabi,"I don't care what you think,  Your problem"
nack,"To hit,slam or to make love to"
nada,Nothing
naija, Nigeria
nak," Tell , Hit , Eat "
naso,that's right
natin spoil,"No sweat, no problem"
naw,adding emphasis to a statement
nawa for you,You have just blown my mind
nawa oo!,An exclamation of anger
nbomuso,nbomuso
ndi yoruba,Yoruba people or Yorubas
nepa," National Electric Power Electric Power Authority, presence of electricity"
nepotizm,Corruption
newscaster,A person who spreads wrong news
next level,used by All Progressive Congress (APC) in 2019 campaign rallies
next tomorrow,The day after tomorrow
nfa,No Future Ambition - A jobless person
ngbeke,Local girl or village girl 
ngbere,"penis. anaconda, working stick"
nig," to committing petty crime, such as theft."
niga,Mean way of saying black person
nigeria answer,Is a wrong answer reply to some one who ask you Nigeria question
nigeria question,question asked when they see you doing a particular work or something. 
ninja bike,Power bike
nko,wat about or how about
nna, Man
no be small thing,"Astounding , Hard"
no be small thing o,Its not easy
no be so,Not like that
no bi?,is it not?
no dull yoursef,"Gotta be smart, Avoid boredom"
no dulling,Don't deceive yourself
no fight,Stay away from trouble.
no lele, no problem or trouble
no long tin,No beating around the bush
no reach,Not enough 
no shaking,No problem
no vex,don't be angry
no wahala,no problem
nollywood,Nigerian movie industry
noni,On point!
nonilizin,"to party or hang out alone or with friends,family "
nor, no
norlute,Sex
nosh,Smoking Indian Hemp
nothin de pa,No problems!
nothing do me,I'm absolutely fine
nothing do you," I've got your back, There's nothing wrong with you."
nsk, Nsuka 
nta,"nigerian television authority,  gossiper"
number six,"Intelligence, common sense"
nyanfu-nyanfu,"plenty, lots,"
nyanga,"Showing off, posing"
nyash,bottom or back side
nyash am,to have sex
nylon,plastic bag
nysc,Now your suffering continue
o-b-o, used to describe a rich kid. 
obago,"Something has happened, a bank alert has come throug"
obioma,mobile tailor who mends clothes.
obj,OBJ-Olusengu Obasanjo
obo le wu," male person always after anything in skirt. juvenile, young, old, fine, ugly"
obodo matress, traveling abroad
obstacle,meat in food
ode,fool
odoyo,"A very stupid person, an imbecile"
oduimitete.,Men who delight in fornicating with very very young girls.
officer,Policeman or member of some law enforcement body
ofofo,To tell everyone about a person's secret
ofofonobs, gossip for the nobles
ofor, phones.
oga,"Boss,master"
oga ade, mister man Gentle man Guy
ogbanje, witch or evil spirit.
Word for,A kind of fabric sack used by Market women
ogbeni,mr
ogbongeh,something amazing
ogogoro,"schnaps, schnapps; shot"
oh boy,Man or friend
oibo,White person (man/woman)
oja,Cannabis
ojongo,Big mug 
ojoro,"To cheat, "
ojugo,Someone that uses glasses
ojuju,masquerades
okada,Motor cycle
okoman,father
okoro,also okoroman. An Igbo person
okpe,Fool
okpeke," lustful, flirty girl. A pert girl. A wanton girl"
okpo,A female who sleeps with men for cash. 
okrika wake up,"A market that sells used items e.g clothing, shoes etc"
ola,gold
olanrewaju,liar
olaitan,liar
old mama youngie,older women who dress much younger than their ages
ole,"A thief, armed robber"
olingo,Extreme enjoyment. Partying. Having a good time
olodo,a very dull person
olokpa,police officer
oloomi,my wife or my sweetheart
oloshi,criminal
olosho,A standard cunny Prostitute
oluwole,Fake items especially documents
omila.,Armed robber
omo,A man or a buddy
omo igbo, Ibos or Ibo people
omo nna, igbo people
omo,friend
omoge,cute girl
omoh, someone or something
omomo, baby.
omor, to show somebody is surprised or shocked
one kyne,"an unusual, usually not lovely, feeling,attitude or manner"
ontop of,a way of saying on - describing when an event will happen.
onye oshi,Thief
opaks ,Nonsense
opata,Nonsense
opeke,sweet chicks
openlenge,lean
opia,"black magic, witch craft"
opio,prostitute
opulopulo,an albino. 
organizer,"A host or creator of a party, "
origo,original
orijo,orijo
oringo,"Original, Authenthic, Genuine, Non-fake"
orishi rishi,Assortment. Assorted things.
orishi-rishi,extra things added to spice up a meal
orkrika,Fairly used clothes or second handed clothes
orobo,fat person
orosby,"orobo, fat person"
osaro,osaro
oshe ooh,Thank you oooh
oshelengen, To show off
oshere,Means Girl
ota,An enemy or hater. 
otepu,Girl
otondo," youth corpers, sluggish person"
otumokpo,Fetish
ovasabi,to boast or act with excess know-how or skill; Knowing too much
over do,excessively do something
over sabi, to be overbearing
oversabi,know-it-all or his behaviour
overzee,over ambitious
owu, Flat broke
oxlade,knacking
oya,lets get it on or its on
oya na," Let's go, It's Time."
oya oya,Hurry up; be quick
oye,aircondition or cool environment
oyibo,white man or light skinned
oyinbo,white people
oyinbo pepper,"An expatriate or foreigner, Any white person"
oyo,On Your Own
oyoyo,"Good times ,  Jollification, Welcoming someone coming from a journey"
ozenge benge,when something make sense and it is funny.
p-h, Port Harcourt
pa le,father
packer,A dust pan
paco,Broken biscuit 
paddy,a friend
padi,"Good Friend! ;Homeboy, Homegirl; Bestfriend etc"
palava,trouble
palaver,problem or trouble 
palaver,The male parent that gave birth to you.
pale and male,Parent's (Father and Mother)
palikelecolo,My head is getting high
palikelecolu, head is heading high
palle,daddy
pami,palm wine
panadol, pain reliever
pancake,Makeup
pancake yash,"Flat buttom, having no flesh and bony"
panku,the masquerader/maradaurer of slaves
papa,"Father, grandfathe"
para,To get angry
para,To get angry
parade,parade
paraga,alcohol
parle,Name for father
parol,activity
paroles," Movement, Man/woman one is seeing or intends to see"
parrot,A talkative
parti,Party
passenja,the way passenger is pronounced
pata,underwear
patapata,to a complete degree or to the full or entire extent
paw,"jibbrish,rubbish"
pdp,To cheat someone by chorp his money that was given to you to give him
peche,"chill out, relax"
peel out,o a hurried escape
pemee,to die.
peperepe,"A fine, sexy, model looking"
pepper,money
pepper dem,impress or arrive with swagger
pepper don rest, lot of money or I have gotten a lot of money
pepper no rest,lack of Money
pepper soup,spicy soup 
personal person,best friend
pesin,person
pharisee, acting like a fool or someone who doesn't belong to the inner circle
phem,"To ask someone to be quiet, keep still or keep calm"
phoné,To speak in a tone that is observes all of the phonics rules
piante, go away
pick race,Run away swiftly.
pickin,An infant or a little baby
pidgin, words at are opposite to english language
pikin, child
pipo,people
pire,"pirated CD, usually an audio CD"
piss,urinate
pito pito," something disgusting,  Mud"
piyom,penis
pkoki pkoki, sexual intercourse
pkoti,"Worthless, bumlike character"
plant,a large generator
plaster, shut up or keep quiet
plenti plenti,"A lot, abundan"
poke nose,Getting into someone else's business
pomo,Cow skin
pomp,Running tap / Faucet
pomshele,fine girl or chick
popori,when someone looks fresh or well kept
popsi,father
popsman,father
popsy,one own's father.
porti, food not well cooked or mixing food ingredients the wrong way
poshey,Hissing.To Hiss
poto-poto,"Mud, dirty water, muddy or murky sanded water"
poundi,pounded yam
pour eye,To check out a place or something
pra,"leave quickly, escape"
prack,To have sexual intercourse
prais,To bargain or to haggle
presido,President or chairman of a group
press,To fondle
prick,the privat part of a male. penis
prizin,"Prison , Jail , House Arest, lock up with criminals,"
provision,"food, beverages"
puff puff, bread-like snack made from dough
puna,A woman's vigina
pupse,old man
pupsi,daddy
pure,Don't feel right
pure watar,packets of drinking water
purge,Diarrhea
push,To move out; get out
pussy,Vagina
quack,To tackle or trip
quams,Problems or headache
quanta,"trouble, problem"
quench,Switch off
quick quick,quickly
qwyan," "" What! "" "
rack,to fight.
raina,disrespect
rake,"Empty boasting , Venting"
raz,"unsophisticated, local"
razz,"untidy, rough, dirty and bad looking"
reach,"Arrive, come to"
reign, vogue or trendy.
relass,To relax or cool down. Become less tense or anxious.
relate,To talk or to communicate
remain small," Nearly, almost"
remote control,To control person with Voodoo
ride, flashy car 
rimuv,Remove
ringtone,The sounds a girl makes in bed
roadside,quack 
robb,balm 
rodah,Julius georgey girl frend
roll,"to Move, Walk, or go away"
run things,to make things happen
runs," Deal, or business, or prostitution "
runz,"wooing a girl, toast"
runz girl,A high class prostitute. 
s.m zamani, an afro singer 
s.m.b, an afropop singer 
sabi,to know something or someone
sabi sabi,  knows everything
sabina,A female know it all.
sabinus,A male know it all
sagba,A homosexual male.
sai,An exclamation mostly used by Calabar people
sakoro,"run, to run ( to scamper)"
sakpa," get lost, you r not needed. Fuck off."
sam sam,Never
same blood,family
sand-sand,"sand, sandy, a lot of sand"
sanko,prison
sapa,poverty
sapele water,schnaps also schnapps; shot
sauthi,south africa
sayo,"Booze, Liquor, Any alchoholic Drink ,. get Drunk"
scarniversary,anniversary
science man,men who practice traditional/herbal sects
scrap,"barbaric,destroyed"
scrobo,A known and confirmed promiscuous woman 
see mi trouble,"Why are you bringing me trouble,"
see ya hand,Acknowledging the receipt of a gift or bribe
sef,Used to express one's irritation or impatience.
sele,Happen.
sempe,"to stay aside"" or ""to keep away from something or somewhere"
send,to give consideration to another person's opinion 
senge menge,when somethings goes well according to plan
senti,talking rubbish 
set,looking good
sey,Seems like; as if
sha,anyway; like that
shabi,i think
shack,To be intoxicated or mesmerized by something.
shak,to drink. To drink alcohol.
shakara, posing or showing off
shaki,cow's intestine. 
shalam, prostitute or a loose girl
shalams,"Prostitute, Loose and random girl"
sham-sham,Quick! ;Doing something quickly
shame - shame,"being shy, a shy person"
shandy,Twenty naira note
shari,Forget about something
sharp sharp,Without delay.
sharp up,smarten up
sharply,quickly
sharrap,Shut up
shawry,girlfriend
shayo, Intoxicating drinks.  being drunk
shebi,You agree? seeking approval.
shege,swear word
sheh kpe,"to show surprise,amazement."
shekpe,Any hot drink. Or local gin
shenging, sex with someone
shenkes,a girl.
shewe,prostitute
shey,Right? Or is
shi shi,Having nothing
shift,Move
shikala,a girl
shikena,period.
shin gbai,Money
shine,casual sex
shine eye,Be on your guard or be careful
shine shine,"Glamorous, Radiant . Stunting"
shine shine bobo,"Flashy, trendy guy"
shine ur eye,be vigilant
shine your eye,to observe things happening around u properly
shine yua 32,show all 32 of your teeth. to smile widely.
shingbain,Absolutely NOTHING
shingban, I don't have a dime or am broke
shingke,e female termites/ant
shit," Faeces, The removal solid waste from the body.  To make a mistake."
shittor,When someone has something too big
shiuo,"starting a statement, indicating shock, surprise, amusement or fright."
shnap,Dry Gin
sho,what
sho bele, half-top usually 
shodi,attractive girl or woman
shoki,A dance style  g
shoo,exclamation word
shook,to stab. also chuk
shot," schnaps , schnapps; shot"
show,come or meet up with someone
shu,An indication of excitement or surprise. 2. An expression of amazement or awe.
shun,Ignore
shuo o!,disgusting
shuoooo, 'really?' 
shuru,Silence
shwo,seriously?
sidon,to sit down
simfoe,best friend
sk, marijuana 
skata, Scatter
skelewu,Being decieved
skeroo,"brain, mind"
sketch,steal
sketout,Get out 
skink,To forget about something OR to describe an action
skrep,dirty and sometimes not up to standard
skunk,Weed
sky,To disappear
slacka,Slow thinking person.
slap,"to trek, to walk a long distance."
smal skul,Kindergarten
small small, gentle manner
smash,To have sex
sme sme,"sluggishly, very dull"
so tey,until
soapy,ask Naira marly
soda-soap,laundry soap
sofri sofri,Go easy
soja man,20 Naira
soji,A soldier
solo,Beans
sompido,sex
sorfri sorfri,easy or take it easy
sori,sorry
sos,Dish
soso,"Only,  is that all"
sotey,really long; extended period of time
sound you,Hot slap in the face
spensow bowton,fucking cunt idiot
splaro,Ashawo
splufic," amazing, wonderful, splendid, Incredible, unique...etc"
splufik, fantastic
spoot up,Dress up smartly. Looking flashy.
spray,To shower guests  with money.
spread, showing off or over filling himself
spunky, sex
sput,To dress in a very nice way
square,to give or to pay up
squeeze face," To be frustrated with someone or something,  To Frown"
steez,stuff
stew," something  great, fantastic or awesome"
strafe,To have sex
stroke,To insult or mock mercilessly.
strong head,stubborn
strong thing,something bad
sturv,stuff
suckaway,"Sewage, waste disposal system "
suegbe,"Idiot, slow person"
sule,a foolish person 
sun shade,Sun glasses
sure boy,good boy or guy
suya,Very hot and spicy meat 
swag,to be cool
swave,to steal
sweet,Candy
tabon,To make bad errors 
tafia,Gossip  
tah,never or unaccepable
take leg,To walk
take style,Indirect manner
talk true,speak the truth
talkative, talks too much
tanda,"Stand, loitering"
tap,beatiful
tapioca,A meal made from cassava
tapping,Stealing
tata,baby
tatafo," nosy person, a gossip"
tatiana,a person 
tay,Long time
tdb,Till Day Break
te te," something that has happened a while or long time ago, a while"
tear eye,to be angry with someone
tear race,run at full force
tear rubber,Brand new car
tear shot,Kick a hot shot 
tear-leg,"To tell someone something that is not true, as a joke."
tek time,be careful or stay out of my way
televishun,To flaunt or show off.
television,Show off
teo,masturbation
tere,Picking on a person
test,test
tewe,Private part
tey,Taken a long time
the party don dey shele,started
this place no go better again,there is no hope of improvement for this place
throw blow,To Punch
throway blow,To punch or hit someone your fist
throway salute,Give a big shout out
thunder fire you,I hope you get struck by lightening 
tief,Thiefe
tifet, very funny.
tiff,"thief, the act of theft. "
tight,to be good at something
tile,"pet name, love"
time na money,Time is precious
tk, Taiwo and Kenny
to smell mouth,abusive words
toast,To woo a girl
tofia,to reject something from happening 
tokumbo,Second hand (used) material
tokunbo,faily used or second handed stuff
tolotolo,Turkey.  Show off
too know, too forward. someone who behaves like he/she knows everything.
too much,"complement someone, big, large"
toospero,go away
tori,"Story, news, discuss"
torko,Conclusion to a statement
toronto,fake educational degree
torront,Stupid
tory don wowo,This situation has turned ugly
toto,"malel penis , female vagina"
toto-brusher,"always wanting to sex a girl no matter the looks, age or finese."
totori.,"To tickle,titillate or excite."
tout,area boy
trad,local traditional clothing
trafficate, use of indicator lights in your car to show what direction you intend to turn.
trip,crushing on girl or boy
tro-way,to dipsose of something/ toss something
troway,To spill; make a spill To throw away; empty something out
true to god, swear
tuale,An informal greeting for a respected personality.
tuffia,God Forbid
tufiakwa,God forbid
tum-tum belle,Big rounded belly. Bier belly
tumba,To hit something very hard
tumble,"somersault, roll over"
tumbler,Cup or mug made out of glass
tumbulu,to summersault
tune,to woo a girl. see: toast
turn up,To be successful financially and to be famous
tush,luxury and affluence 
twale,I salute or hail you or well done
two for 10 kobo,Cheap
u chop craze,Are you crazy
u chop witch, possesed or charmed
u dey craze,asking if a person is crazy
u dey jollof my heart,I love you
u dey xul,are you in school
u no get sense, insult
u.i,University of Ibadan
uche,Brighter fit
udo, Peace
ukpa,"a vagina, sex "
umee,very good food
una,you guys
unbwogable," unshakeable, unbeatable, unstoppable. Etymological "
under g runs,Something secretive
under-say,Because
uniben,University of Benin
unilag,University of Lagos
uniport,University of port-harcourt
unto the matter,Straight to business
up nepa, used to praise Nepa when power is restored.
up stair,One story building
upon say,added to the fact that
vamoose,to run away; to depart hurriedly;
vamoosh,Make hasty retreat or dissapear
veks,"To vex, get angry"
venue,Location of a party
vex," upsetting,angry, vex"
vex comot,Storm off in anger
vexation,Someone getting annoyed
vila,One's village
village person,"Someone who hail from a village, or is unsophisticated and local"
voicemail,voicemail
waaka,walk
wack,To Eat food
wackies,"Foods, heavy Foods, Afican Foods"
wafi,pidgin englise
wahala,problem or trouble.
wahala don come,trouble 
wak,to eat your food with a lot vigor
waka,walk away
waka jam,insult
waka waka,  prostitue
waka!, curse or swear word
wakabout,walking around or walking around aimlessly
walahi,I swear to God. Believe me
wan," ""to do"" or want to"
wangara,Policeman
wara,locally made cheese
warridis,What is this?
wasapp,whatsapp
wash,clean
wassuputunu,"greeting,  what is up "
watar don pass gari, situation gone bad.
watch night,security guard
water proof,plastic bags.
wawu, interesting and suprising
waya,"seriously wanting or needing food or such feeling, strong wish or desire."
wayo,Trickery and deception
waziri nose, Extremely wide nostrils.
we die here,"a positive, unchanging, firm resolution about one's stand."
we go collide,We will meet
weewi,indian hemp
well well,"Properly,totally or completely."
wella,Well
welu welu, to emphasize how good something is
wen,when
werey," mad, crazy, to act irrational"
western baba,Western union
wetin,what is
wetin dey, whats up?
wetin dey sele,how are you or what is going on
wetin dey sup?, What's up? . What's happening? 3. What's going on?
wetin dey?,"what's up?, how's it going?"
wetin do you,What's the problem with you?
wey,where is
wey ,that
weytin,question
which kind nonsense,what kind of nonsense? or what is this nonsense
which levels?,What's going on? how are you doing?
whinch,a bad person
whinzy,bad- luck
whnich man,Evil man
who dey yan,who's talking
who don blow don blow,Who is rich is rich
who you be?,who are you?
whosai,"never, impossible"
whot,card game
why you dey fall my hand?, to expose you or antagonize you
whyne,easing and contemptuous language
wida, Whats Up
winch,witch. a person who does juju or black magic
winchi winchi,Witches
wind,To tease or pull ones legs.
winsch,A witch
winsh,"bad person, a witch"
wire me,to transfer money
without,Food without meat in it.
wizzo,a witch or wizard
wobe, female hustlers or female version of Agbero
woggly,Ugly 
woman lappa,When a man is easily controlled by a woman
woman wrapper,male prostitute 
won da mo, They don't know or newbies
wonderfullous,Wonderful
wor-wor,ugly
worri,"disturb, to disturb so; to be a worry to so, to have sorrow, to worry."
worry,Wrong or cause pain
worwor,Ugly or bad looking person
wose,slap
wound,Injury
wowo,"Ugly, gone wrong"
woz,to slap
woze,To hit or to eat
woze ,"To beat up, slape"
whoze,"To beat up, punch or slap."
wu kno go kno go kno!,Who has not gone their will not know what happening their
wuna,A group of people
wund,To get hurt or to hurt someone 
wunjure,To wound or injure other 
wuru wuru,Not Straightforward
x,Leave a place
xerox,examination or homework malpractice 
y,a short form for why
y-factor,"the behavior, trait, tendency or characteristic feature of a person who withdraws from agreement"
ya,Your
yab,"To make fun of someone, "
yaba left, get your head checked probably because of something you did or said!
yabbis,Joke at another person's expense
yafunyafun,In abundance.
yahoo boys,fraudster
yahoo yahoo,Frauds on the internet 
yahozee,Dance steps 
yakata,Heavily
yakpa,Plenty or in abundance
yakubu,a person who misuses opportunities regularly.
yakubuu, a failure
yama yama," ddisgusting, sticky."
yama-yama,Rubbish
yan,To talk or communicate
yanga,"to pose, show off"
yangan yangan,A lot
yankee,United States of America
yansh,Ass or buttocks
yanshman.,Homosexual.
yaradua,silence
yarn,To Say; Talk
yarnsh,Bottom
yash,Bottom
yashman,Gay guy.
yawa,problem
yawa don gas,Things have exploded into Trouble!
yawa go gas,There will be problem
ye pa,Yikes!
ye-ye,you 're very naughty
yeee,negative exclamation
yeka, winner of the 1st ever edition of Nigerian idols. YEKA ONKA
yellow fever,a group of policemen/traffic wardens
yellow man,Albino or very light skinned man.
ye ye,nonsense
yeye,Useless and senseless
yi mu,"An awkward movement of the lips , jonzing."
yimu,  mockery.
yon,"To run, or walk in a haste. "
yonda,far away or rather yonder
yori yori,"sweetness, a good feeling about someone or something"
yoruba,A tribe in Nigeria
you are looking for my trouble,You are trying a problem with me.
you chop craze,are you mad
you chop witch?,Are you a witchcraft ?
you dekres,"are you crazy, are you mad"
you dey mad,are you crazy
you do well,Thank you
you don kolo,you're beginning to act foolishly
you don lem?,You don eat
you go fear fear,scared to death
you go know yourself,A threat said before a confrontation or fight.
you go wound,"Dangerous, harmful, not for your betterement"
you see your life,am surprised at you
your father yansh,Your father ass
z-town,Zaria in Kaduna State.
zanga,rendevouz
zanku,"A new, energetic dance"
zeburudaya,Name of character in Nigerian soap Opera; 
zero one zero,"No breakfast, have lunch and no dinner due to financial hardships."
zero zero one,Eat only dinner.
zero-one-zero,"one with no breakfast to eat, eats lunch but no dinner"
zink,roof. roofing sheets from sheet-metal. 
zinzin,To violently have sex with a sex worker
zip,Shut up
zombie,Derogatory name for Soldiers
zuwo,of somebody who behaves foolishly; a fool.
zuzu,Misbehave or doing stupid things.
zx,zx
